{"cameraMode":{"drawMode":0,"name":"Shaded","section":"Shading Mode"},"sceneLighting":false,"audioPlay":false,"sceneViewState":{"showFog":true,"showMaterialUpdate":false,"showSkybox":false,"showFlares":true,"showImageEffects":true,"showParticleSystems":true},"in2DMode":false,"pivot":{"x":-9.192602157592774,"y":5.299244403839111,"z":6.367231369018555},"rotation":{"x":-0.3371480107307434,"y":0.00008036891813389957,"z":-0.0005702042835764587,"w":-0.9416851997375488},"size":4.98423433303833,"orthographic":false}