{"cameraMode":{"drawMode":0,"name":"Shaded","section":"Shading Mode"},"sceneLighting":false,"audioPlay":false,"sceneViewState":{"showFog":true,"showMaterialUpdate":false,"showSkybox":false,"showFlares":true,"showImageEffects":true,"showParticleSystems":true},"in2DMode":false,"pivot":{"x":-16.829471588134767,"y":3.377112865447998,"z":-21.26759147644043},"rotation":{"x":-0.00814296305179596,"y":-0.9887726306915283,"z":0.1406327486038208,"w":-0.05394480749964714},"size":0.8660253882408142,"orthographic":false}