{"cameraMode":{"drawMode":0,"name":"Shaded","section":"Shading Mode"},"sceneLighting":false,"audioPlay":false,"sceneViewState":{"showFog":true,"showMaterialUpdate":false,"showSkybox":false,"showFlares":true,"showImageEffects":true,"showParticleSystems":true},"in2DMode":false,"pivot":{"x":3.2707526683807375,"y":2.782264232635498,"z":7.683045864105225},"rotation":{"x":-0.16436392068862916,"y":0.8079346418380737,"z":-0.49963194131851199,"w":-0.2660071849822998},"size":4.398009777069092,"orthographic":false}