{"cameraMode":{"drawMode":0,"name":"Shaded","section":"Shading Mode"},"sceneLighting":false,"audioPlay":false,"sceneViewState":{"showFog":true,"showMaterialUpdate":false,"showSkybox":false,"showFlares":true,"showImageEffects":true,"showParticleSystems":true},"in2DMode":false,"pivot":{"x":-10.665675163269043,"y":1.2228528261184693,"z":4.831423282623291},"rotation":{"x":-0.08056147396564484,"y":0.5936825275421143,"z":-0.06035016104578972,"w":-0.7986551523208618},"size":4.0879130363464359,"orthographic":false}