{"cameraMode":{"drawMode":0,"name":"Shaded","section":"Shading Mode"},"sceneLighting":false,"audioPlay":false,"sceneViewState":{"showFog":true,"showMaterialUpdate":false,"showSkybox":false,"showFlares":true,"showImageEffects":true,"showParticleSystems":true},"in2DMode":false,"pivot":{"x":-1.4032354354858399,"y":0.4352773427963257,"z":-2.49172043800354},"rotation":{"x":-0.05944574251770973,"y":0.8989483118057251,"z":-0.12932582199573518,"w":-0.4144779443740845},"size":3.737574815750122,"orthographic":false}