{"cameraMode":{"drawMode":0,"name":"Shaded","section":"Shading Mode"},"sceneLighting":false,"audioPlay":false,"sceneViewState":{"showFog":true,"showMaterialUpdate":false,"showSkybox":true,"showFlares":true,"showImageEffects":true,"showParticleSystems":true},"in2DMode":false,"pivot":{"x":-17.924299240112306,"y":0.17499999701976777,"z":24.600000381469728},"rotation":{"x":0.03630268573760986,"y":-0.005651302635669708,"z":0.0008766049286350608,"w":0.9995505809783936},"size":10.0,"orthographic":false}